flightId,departure_country,departure_city,arrival_country,arrival_city,date,available_seats
647b2fd96d07a5770ce8ec53,Polska,Katowice,Tunezja,Enfidha,19/12/2023,186
647b2fda6d07a5770ce8ec54,Polska,Katowice,Bułgaria,Burgas,23/07/2023,39
647b2fda6d07a5770ce8ec55,Polska,Katowice,Turcja,Antalya,18/12/2023,131
647b2fda6d07a5770ce8ec56,Polska,Katowice,Bułgaria,Burgas,22/09/2023,15
647b2fda6d07a5770ce8ec57,Polska,Katowice,Turcja,Dalaman,26/03/2023,153
647b2fda6d07a5770ce8ec58,Polska,Katowice,Grecja,Korfu,05/09/2023,127
647b2fdb6d07a5770ce8ec59,Polska,Katowice,Grecja,Korfu,08/04/2023,60
647b2fdb6d07a5770ce8ec5a,Polska,Katowice,Turcja,Dalaman,02/07/2023,166
647b2fdb6d07a5770ce8ec5b,Polska,Katowice,Grecja,Kreta,15/09/2023,167
647b2fdb6d07a5770ce8ec5c,Polska,Katowice,Turcja,Dalaman,12/05/2023,181
647b2fdc6d07a5770ce8ec5d,Polska,Katowice,Tunezja,Enfidha,09/07/2023,80
647b2fdc6d07a5770ce8ec5e,Polska,Katowice,Tunezja,Enfidha,18/02/2023,199
647b2fdc6d07a5770ce8ec5f,Polska,Katowice,Turcja,Izmir,29/05/2023,66
647b2fdc6d07a5770ce8ec60,Polska,Katowice,Bułgaria,Varna,08/02/2023,1
647b2fdd6d07a5770ce8ec61,Polska,Katowice,Grecja,Korfu,14/01/2023,31
647b2fdd6d07a5770ce8ec62,Polska,Katowice,Bułgaria,Burgas,30/12/2023,30
647b2fdd6d07a5770ce8ec63,Polska,Katowice,Bułgaria,Varna,31/10/2023,65
647b2fdd6d07a5770ce8ec64,Polska,Katowice,Turcja,Antalya,15/04/2023,106
647b2fde6d07a5770ce8ec65,Polska,Katowice,Turcja,Izmir,20/12/2023,184
647b2fde6d07a5770ce8ec66,Polska,Katowice,Tunezja,Enfidha,16/02/2023,178
647b2fde6d07a5770ce8ec67,Polska,Katowice,Grecja,Kreta,28/10/2023,37
647b2fde6d07a5770ce8ec68,Polska,Katowice,Turcja,Izmir,19/04/2023,181
647b2fdf6d07a5770ce8ec69,Polska,Katowice,Turcja,Izmir,29/06/2023,109
647b2fdf6d07a5770ce8ec6a,Polska,Katowice,Grecja,Rodos,09/12/2023,15
647b2fdf6d07a5770ce8ec6b,Polska,Katowice,Grecja,Kreta,18/01/2023,155
647b2fe06d07a5770ce8ec6c,Polska,Katowice,Grecja,Kreta,13/06/2023,186
647b2fe06d07a5770ce8ec6d,Polska,Katowice,Grecja,Kreta,22/01/2023,156
647b2fe06d07a5770ce8ec6e,Polska,Katowice,Turcja,Antalya,01/12/2023,1
647b2fe06d07a5770ce8ec6f,Polska,Katowice,Turcja,Antalya,08/12/2023,125
647b2fe06d07a5770ce8ec70,Polska,Katowice,Turcja,Izmir,01/02/2023,90
647b2fe16d07a5770ce8ec71,Polska,Katowice,Grecja,Rodos,07/12/2023,182
647b2fe16d07a5770ce8ec72,Polska,Katowice,Turcja,Dalaman,07/12/2023,172
647b2fe16d07a5770ce8ec73,Polska,Katowice,Grecja,Kreta,08/10/2023,50
647b2fe26d07a5770ce8ec74,Polska,Katowice,Grecja,Rodos,15/07/2023,170
647b2fe26d07a5770ce8ec75,Polska,Katowice,Grecja,Kreta,02/03/2023,98
647b2fe26d07a5770ce8ec76,Polska,Katowice,Bułgaria,Varna,09/07/2023,137
647b2fe26d07a5770ce8ec77,Polska,Katowice,Turcja,Izmir,22/02/2023,194
647b2fe36d07a5770ce8ec78,Polska,Katowice,Bułgaria,Burgas,20/10/2023,119
647b2fe36d07a5770ce8ec79,Polska,Katowice,Turcja,Antalya,26/04/2023,144
647b2fe36d07a5770ce8ec7a,Polska,Katowice,Turcja,Izmir,08/02/2023,99
647b2fe36d07a5770ce8ec7b,Polska,Katowice,Grecja,Korfu,09/10/2023,138
647b2fe46d07a5770ce8ec7c,Polska,Katowice,Bułgaria,Varna,02/07/2023,137
647b2fe46d07a5770ce8ec7d,Polska,Katowice,Tunezja,Enfidha,24/09/2023,199
647b2fe46d07a5770ce8ec7e,Polska,Katowice,Turcja,Izmir,17/04/2023,102
647b2fe46d07a5770ce8ec7f,Polska,Katowice,Bułgaria,Burgas,17/04/2023,75
647b2fe56d07a5770ce8ec80,Polska,Katowice,Grecja,Rodos,05/08/2023,108
647b2fe56d07a5770ce8ec81,Polska,Katowice,Grecja,Rodos,05/11/2023,68
647b2fe56d07a5770ce8ec82,Polska,Katowice,Turcja,Antalya,10/10/2023,87
647b2fe66d07a5770ce8ec83,Polska,Katowice,Grecja,Kreta,08/03/2023,99
647b2fe66d07a5770ce8ec84,Polska,Katowice,Bułgaria,Varna,07/04/2023,78
647b2fe66d07a5770ce8ec85,Polska,Katowice,Tunezja,Enfidha,19/11/2023,137
647b2fe66d07a5770ce8ec86,Polska,Katowice,Tunezja,Enfidha,06/10/2023,64
647b2fe66d07a5770ce8ec87,Polska,Katowice,Tunezja,Enfidha,12/04/2023,182
647b2fe76d07a5770ce8ec88,Polska,Katowice,Turcja,Dalaman,17/02/2023,5
647b2fe76d07a5770ce8ec89,Polska,Katowice,Grecja,Korfu,31/03/2023,173
647b2fe76d07a5770ce8ec8a,Polska,Katowice,Tunezja,Enfidha,06/11/2023,147
647b2fe86d07a5770ce8ec8b,Polska,Katowice,Grecja,Korfu,11/02/2023,142
647b2fe86d07a5770ce8ec8c,Polska,Katowice,Turcja,Antalya,19/09/2023,140
647b2fe86d07a5770ce8ec8d,Polska,Katowice,Bułgaria,Burgas,18/10/2023,131
647b2fe86d07a5770ce8ec8e,Polska,Katowice,Tunezja,Enfidha,02/08/2023,95
647b2fe86d07a5770ce8ec8f,Polska,Katowice,Bułgaria,Burgas,26/05/2023,101
647b2fe96d07a5770ce8ec90,Polska,Katowice,Grecja,Korfu,22/09/2023,187
647b2fe96d07a5770ce8ec91,Polska,Katowice,Turcja,Izmir,28/05/2023,16
647b2fe96d07a5770ce8ec92,Polska,Katowice,Grecja,Rodos,06/12/2023,2
647b2fe96d07a5770ce8ec93,Polska,Katowice,Turcja,Izmir,02/02/2023,164
647b2fea6d07a5770ce8ec94,Polska,Katowice,Tunezja,Enfidha,09/02/2023,103
647b2fea6d07a5770ce8ec95,Polska,Poznań,Turcja,Izmir,21/08/2023,190
647b2fea6d07a5770ce8ec96,Polska,Poznań,Grecja,Rodos,20/02/2023,63
647b2fea6d07a5770ce8ec97,Polska,Poznań,Turcja,Izmir,28/09/2023,71
647b2feb6d07a5770ce8ec98,Polska,Poznań,Turcja,Izmir,22/07/2023,91
647b2feb6d07a5770ce8ec99,Polska,Poznań,Bułgaria,Burgas,05/09/2023,93
647b2feb6d07a5770ce8ec9a,Polska,Poznań,Turcja,Dalaman,05/12/2023,94
647b2feb6d07a5770ce8ec9b,Polska,Poznań,Grecja,Kreta,07/01/2023,78
647b2fec6d07a5770ce8ec9c,Polska,Poznań,Turcja,Antalya,02/11/2023,72
647b2fec6d07a5770ce8ec9d,Polska,Poznań,Grecja,Kreta,02/01/2023,107
647b2fec6d07a5770ce8ec9e,Polska,Poznań,Tunezja,Enfidha,02/09/2023,0
647b2fec6d07a5770ce8ec9f,Polska,Poznań,Grecja,Korfu,21/08/2023,73
647b2fed6d07a5770ce8eca0,Polska,Poznań,Grecja,Kreta,09/01/2023,158
647b2fed6d07a5770ce8eca1,Polska,Poznań,Turcja,Dalaman,12/06/2023,129
647b2fed6d07a5770ce8eca2,Polska,Poznań,Bułgaria,Burgas,06/07/2023,200
647b2fed6d07a5770ce8eca3,Polska,Poznań,Turcja,Dalaman,22/07/2023,186
647b2fed6d07a5770ce8eca4,Polska,Poznań,Grecja,Kreta,25/03/2023,127
647b2fee6d07a5770ce8eca5,Polska,Poznań,Turcja,Dalaman,02/02/2023,142
647b2fee6d07a5770ce8eca6,Polska,Poznań,Grecja,Kreta,27/10/2023,114
647b2fee6d07a5770ce8eca7,Polska,Poznań,Grecja,Rodos,07/02/2023,72
647b2fee6d07a5770ce8eca8,Polska,Poznań,Grecja,Korfu,17/09/2023,133
647b2fef6d07a5770ce8eca9,Polska,Rzeszów,Grecja,Korfu,07/08/2023,183
647b2fef6d07a5770ce8ecaa,Polska,Rzeszów,Bułgaria,Varna,25/10/2023,44
647b2fef6d07a5770ce8ecab,Polska,Rzeszów,Turcja,Dalaman,28/10/2023,50
647b2fef6d07a5770ce8ecac,Polska,Rzeszów,Tunezja,Enfidha,21/04/2023,87
647b2fef6d07a5770ce8ecad,Polska,Rzeszów,Bułgaria,Varna,27/05/2023,30
647b2ff06d07a5770ce8ecae,Polska,Rzeszów,Grecja,Kreta,02/08/2023,108
647b2ff06d07a5770ce8ecaf,Polska,Rzeszów,Turcja,Izmir,02/06/2023,169
647b2ff06d07a5770ce8ecb0,Polska,Rzeszów,Turcja,Antalya,24/05/2023,167
647b2ff06d07a5770ce8ecb1,Polska,Rzeszów,Grecja,Korfu,26/06/2023,196
647b2ff16d07a5770ce8ecb2,Polska,Rzeszów,Bułgaria,Varna,07/07/2023,135
647b2ff16d07a5770ce8ecb3,Polska,Rzeszów,Bułgaria,Burgas,12/04/2023,0
647b2ff16d07a5770ce8ecb4,Polska,Rzeszów,Bułgaria,Burgas,15/02/2023,106
647b2ff16d07a5770ce8ecb5,Polska,Rzeszów,Grecja,Kreta,22/03/2023,98
647b2ff26d07a5770ce8ecb6,Polska,Rzeszów,Grecja,Korfu,13/11/2023,32
647b2ff26d07a5770ce8ecb7,Polska,Rzeszów,Turcja,Izmir,29/06/2023,134
647b2ff26d07a5770ce8ecb8,Polska,Rzeszów,Turcja,Antalya,17/08/2023,153
647b2ff26d07a5770ce8ecb9,Polska,Rzeszów,Grecja,Rodos,09/01/2023,100
647b2ff36d07a5770ce8ecba,Polska,Rzeszów,Turcja,Izmir,01/05/2023,56
647b2ff36d07a5770ce8ecbb,Polska,Rzeszów,Tunezja,Enfidha,08/09/2023,95
647b2ff36d07a5770ce8ecbc,Polska,Rzeszów,Bułgaria,Burgas,19/05/2023,194
647b2ff36d07a5770ce8ecbd,Polska,Rzeszów,Bułgaria,Burgas,07/09/2023,164
647b2ff46d07a5770ce8ecbe,Polska,Rzeszów,Bułgaria,Varna,14/03/2023,0
647b2ff46d07a5770ce8ecbf,Polska,Rzeszów,Grecja,Kreta,11/05/2023,190
647b2ff46d07a5770ce8ecc0,Polska,Rzeszów,Grecja,Rodos,24/05/2023,74
647b2ff46d07a5770ce8ecc1,Polska,Rzeszów,Grecja,Kreta,14/09/2023,77
647b2ff56d07a5770ce8ecc2,Polska,Rzeszów,Bułgaria,Varna,15/12/2023,151
647b2ff56d07a5770ce8ecc3,Polska,Rzeszów,Bułgaria,Burgas,27/05/2023,173
647b2ff56d07a5770ce8ecc4,Polska,Rzeszów,Bułgaria,Burgas,27/11/2023,190
647b2ff56d07a5770ce8ecc5,Polska,Rzeszów,Bułgaria,Varna,01/04/2023,174
647b2ff66d07a5770ce8ecc6,Polska,Rzeszów,Bułgaria,Burgas,03/07/2023,120
647b2ff66d07a5770ce8ecc7,Polska,Rzeszów,Turcja,Antalya,20/05/2023,142
647b2ff66d07a5770ce8ecc8,Polska,Rzeszów,Turcja,Dalaman,04/01/2023,132
647b2ff66d07a5770ce8ecc9,Polska,Rzeszów,Turcja,Antalya,21/02/2023,164
647b2ff76d07a5770ce8ecca,Polska,Wrocław,Grecja,Kreta,02/10/2023,155
647b2ff76d07a5770ce8eccb,Polska,Wrocław,Turcja,Antalya,08/10/2023,60
647b2ff76d07a5770ce8eccc,Polska,Wrocław,Turcja,Dalaman,15/05/2023,134
647b2ff76d07a5770ce8eccd,Polska,Wrocław,Turcja,Dalaman,14/05/2023,84
647b2ff86d07a5770ce8ecce,Polska,Wrocław,Bułgaria,Burgas,04/09/2023,127
647b2ff86d07a5770ce8eccf,Polska,Wrocław,Turcja,Dalaman,23/12/2023,74
647b2ff86d07a5770ce8ecd0,Polska,Wrocław,Grecja,Kreta,19/01/2023,144
647b2ff86d07a5770ce8ecd1,Polska,Wrocław,Grecja,Kreta,25/04/2023,181
647b2ff86d07a5770ce8ecd2,Polska,Wrocław,Tunezja,Enfidha,05/08/2023,150
647b2ff96d07a5770ce8ecd3,Polska,Wrocław,Turcja,Izmir,04/01/2023,96
647b2ff96d07a5770ce8ecd4,Polska,Wrocław,Grecja,Korfu,05/01/2023,151
647b2ff96d07a5770ce8ecd5,Polska,Wrocław,Bułgaria,Varna,24/01/2023,185
647b2ff96d07a5770ce8ecd6,Polska,Wrocław,Turcja,Dalaman,11/07/2023,56
647b2ffa6d07a5770ce8ecd7,Polska,Wrocław,Turcja,Dalaman,27/01/2023,194
647b2ffa6d07a5770ce8ecd8,Polska,Wrocław,Turcja,Dalaman,17/09/2023,155
647b2ffa6d07a5770ce8ecd9,Polska,Wrocław,Turcja,Antalya,05/09/2023,87
647b2ffa6d07a5770ce8ecda,Polska,Wrocław,Bułgaria,Burgas,30/12/2023,159
647b2ffb6d07a5770ce8ecdb,Polska,Wrocław,Bułgaria,Burgas,12/01/2023,85
647b2ffb6d07a5770ce8ecdc,Polska,Wrocław,Grecja,Kreta,02/06/2023,32
647b2ffb6d07a5770ce8ecdd,Polska,Wrocław,Bułgaria,Varna,05/10/2023,183
647b2ffb6d07a5770ce8ecde,Polska,Wrocław,Turcja,Antalya,08/10/2023,18
647b2ffc6d07a5770ce8ecdf,Polska,Wrocław,Bułgaria,Burgas,11/09/2023,107
647b2ffc6d07a5770ce8ece0,Polska,Wrocław,Grecja,Rodos,25/08/2023,26
647b2ffc6d07a5770ce8ece1,Polska,Wrocław,Turcja,Antalya,04/09/2023,52
647b2ffc6d07a5770ce8ece2,Polska,Wrocław,Turcja,Dalaman,05/06/2023,58
647b2ffd6d07a5770ce8ece3,Polska,Wrocław,Grecja,Kreta,10/03/2023,37
647b2ffd6d07a5770ce8ece4,Polska,Wrocław,Grecja,Rodos,18/05/2023,8
647b2ffd6d07a5770ce8ece5,Polska,Wrocław,Turcja,Izmir,21/07/2023,185
647b2ffd6d07a5770ce8ece6,Polska,Wrocław,Grecja,Rodos,25/01/2023,82
647b2ffd6d07a5770ce8ece7,Polska,Wrocław,Bułgaria,Burgas,28/08/2023,1
647b2ffe6d07a5770ce8ece8,Polska,Wrocław,Bułgaria,Burgas,15/06/2023,31
647b2ffe6d07a5770ce8ece9,Polska,Wrocław,Grecja,Korfu,23/06/2023,168
647b2ffe6d07a5770ce8ecea,Polska,Wrocław,Turcja,Dalaman,25/10/2023,104
647b2ffe6d07a5770ce8eceb,Polska,Warszawa,Grecja,Kreta,01/02/2023,73
647b2fff6d07a5770ce8ecec,Polska,Warszawa,Turcja,Dalaman,25/08/2023,125
647b2fff6d07a5770ce8eced,Polska,Warszawa,Grecja,Korfu,13/11/2023,111
647b2fff6d07a5770ce8ecee,Polska,Warszawa,Bułgaria,Varna,12/04/2023,194
647b2fff6d07a5770ce8ecef,Polska,Warszawa,Bułgaria,Burgas,28/03/2023,13
647b30006d07a5770ce8ecf0,Polska,Warszawa,Grecja,Rodos,26/10/2023,34
647b30006d07a5770ce8ecf1,Polska,Warszawa,Turcja,Dalaman,17/07/2023,192
647b30006d07a5770ce8ecf2,Polska,Warszawa,Turcja,Antalya,12/01/2023,127
647b30016d07a5770ce8ecf3,Polska,Warszawa,Tunezja,Enfidha,10/03/2023,57
647b30016d07a5770ce8ecf4,Polska,Warszawa,Bułgaria,Varna,14/08/2023,36
647b30016d07a5770ce8ecf5,Polska,Warszawa,Turcja,Antalya,13/11/2023,141
647b30016d07a5770ce8ecf6,Polska,Warszawa,Tunezja,Enfidha,13/02/2023,63
647b30026d07a5770ce8ecf7,Polska,Warszawa,Bułgaria,Burgas,25/03/2023,127
647b30026d07a5770ce8ecf8,Polska,Warszawa,Turcja,Dalaman,18/09/2023,77
647b30026d07a5770ce8ecf9,Polska,Warszawa,Grecja,Rodos,23/11/2023,54
647b30026d07a5770ce8ecfa,Polska,Warszawa,Tunezja,Enfidha,14/10/2023,138
647b30036d07a5770ce8ecfb,Polska,Warszawa,Tunezja,Enfidha,24/10/2023,5
647b30036d07a5770ce8ecfc,Polska,Warszawa,Bułgaria,Varna,09/05/2023,16
647b30036d07a5770ce8ecfd,Polska,Warszawa,Turcja,Dalaman,27/11/2023,47
647b30036d07a5770ce8ecfe,Polska,Warszawa,Turcja,Dalaman,22/06/2023,183
647b30046d07a5770ce8ecff,Polska,Warszawa,Tunezja,Enfidha,16/03/2023,189
647b30046d07a5770ce8ed00,Polska,Warszawa,Bułgaria,Burgas,02/12/2023,153
647b30046d07a5770ce8ed01,Polska,Warszawa,Bułgaria,Burgas,04/03/2023,124
647b30046d07a5770ce8ed02,Polska,Warszawa,Turcja,Izmir,23/03/2023,191
647b30056d07a5770ce8ed03,Polska,Warszawa,Tunezja,Enfidha,19/10/2023,35
647b30056d07a5770ce8ed04,Polska,Warszawa,Turcja,Izmir,12/03/2023,171
647b30056d07a5770ce8ed05,Polska,Warszawa,Bułgaria,Burgas,15/04/2023,73
647b30056d07a5770ce8ed06,Polska,Warszawa,Grecja,Kreta,11/05/2023,23
647b30066d07a5770ce8ed07,Polska,Warszawa,Grecja,Rodos,06/01/2023,10
647b30066d07a5770ce8ed08,Polska,Warszawa,Turcja,Izmir,15/04/2023,67
647b30066d07a5770ce8ed09,Polska,Warszawa,Tunezja,Enfidha,11/11/2023,148
647b30066d07a5770ce8ed0a,Polska,Warszawa,Bułgaria,Varna,02/04/2023,189
647b30076d07a5770ce8ed0b,Polska,Warszawa,Turcja,Dalaman,30/03/2023,140
647b30076d07a5770ce8ed0c,Polska,Warszawa,Grecja,Korfu,21/02/2023,143
647b30076d07a5770ce8ed0d,Polska,Warszawa,Grecja,Korfu,15/04/2023,170
647b30076d07a5770ce8ed0e,Polska,Warszawa,Turcja,Izmir,21/09/2023,1
647b30086d07a5770ce8ed0f,Polska,Warszawa,Grecja,Korfu,08/01/2023,11
647b30086d07a5770ce8ed10,Polska,Warszawa,Bułgaria,Varna,25/05/2023,8
647b30086d07a5770ce8ed11,Polska,Warszawa,Turcja,Izmir,17/03/2023,112
647b30086d07a5770ce8ed12,Polska,Warszawa,Grecja,Rodos,25/11/2023,197
647b30096d07a5770ce8ed13,Polska,Warszawa,Tunezja,Enfidha,11/05/2023,118
647b30096d07a5770ce8ed14,Polska,Warszawa,Turcja,Antalya,20/12/2023,197
647b30096d07a5770ce8ed15,Polska,Warszawa,Grecja,Kreta,15/06/2023,174
647b30096d07a5770ce8ed16,Polska,Warszawa,Grecja,Rodos,01/09/2023,151
647b300a6d07a5770ce8ed17,Polska,Warszawa,Turcja,Antalya,15/11/2023,35
647b300a6d07a5770ce8ed18,Polska,Warszawa,Turcja,Izmir,19/12/2023,32
647b300a6d07a5770ce8ed19,Polska,Warszawa,Tunezja,Enfidha,11/05/2023,16
647b300a6d07a5770ce8ed1a,Polska,Warszawa,Bułgaria,Varna,04/12/2023,174
647b300b6d07a5770ce8ed1b,Polska,Warszawa,Grecja,Korfu,09/03/2023,166
647b300b6d07a5770ce8ed1c,Polska,Warszawa,Grecja,Kreta,15/10/2023,159
647b300b6d07a5770ce8ed1d,Polska,Warszawa,Bułgaria,Burgas,01/05/2023,40
647b300b6d07a5770ce8ed1e,Polska,Warszawa,Bułgaria,Burgas,30/05/2023,136
647b300c6d07a5770ce8ed1f,Polska,Warszawa,Turcja,Dalaman,01/02/2023,94
647b300c6d07a5770ce8ed20,Polska,Warszawa,Bułgaria,Burgas,01/09/2023,82
647b300c6d07a5770ce8ed21,Polska,Warszawa,Grecja,Korfu,24/10/2023,153
647b300c6d07a5770ce8ed22,Polska,Warszawa,Bułgaria,Varna,05/06/2023,10
647b300c6d07a5770ce8ed23,Polska,Warszawa,Turcja,Dalaman,22/01/2023,18
647b300d6d07a5770ce8ed24,Polska,Warszawa,Grecja,Rodos,13/09/2023,174
647b300d6d07a5770ce8ed25,Polska,Warszawa,Grecja,Korfu,26/06/2023,91
647b300d6d07a5770ce8ed26,Polska,Warszawa,Tunezja,Enfidha,04/06/2023,162
647b300d6d07a5770ce8ed27,Polska,Warszawa,Tunezja,Enfidha,05/02/2023,59
647b300e6d07a5770ce8ed28,Polska,Warszawa,Grecja,Kreta,14/01/2023,180
647b300e6d07a5770ce8ed29,Polska,Warszawa,Bułgaria,Varna,28/09/2023,137
647b300e6d07a5770ce8ed2a,Polska,Warszawa,Bułgaria,Burgas,14/02/2023,151
647b300e6d07a5770ce8ed2b,Polska,Warszawa,Turcja,Dalaman,14/07/2023,82
647b300f6d07a5770ce8ed2c,Polska,Warszawa,Bułgaria,Varna,02/04/2023,147
647b300f6d07a5770ce8ed2d,Polska,Warszawa,Tunezja,Enfidha,09/10/2023,78
647b300f6d07a5770ce8ed2e,Polska,Warszawa,Grecja,Korfu,31/01/2023,158
647b300f6d07a5770ce8ed2f,Polska,Warszawa,Bułgaria,Varna,25/08/2023,18
647b30106d07a5770ce8ed30,Polska,Warszawa,Turcja,Izmir,25/09/2023,36
647b30106d07a5770ce8ed31,Polska,Warszawa,Turcja,Dalaman,14/04/2023,130
647b30106d07a5770ce8ed32,Polska,Warszawa,Grecja,Kreta,23/11/2023,26
647b30106d07a5770ce8ed33,Bułgaria,Varna,Polska,Katowice,25/01/2022,40
647b30116d07a5770ce8ed34,Bułgaria,Varna,Polska,Katowice,29/01/2022,30
647b30116d07a5770ce8ed35,Bułgaria,Varna,Polska,Warszawa,07/02/2022,20
647b30116d07a5770ce8ed36,Bułgaria,Varna,Polska,Katowice,29/01/2022,10
647b30116d07a5770ce8ed37,Bułgaria,Varna,Polska,Katowice,27/01/2022,1
647b30126d07a5770ce8ed38,Bułgaria,Varna,Polska,Wrocław,12/02/2022,11
647b30126d07a5770ce8ed39,Bułgaria,Varna,Polska,Warszawa,01/02/2022,21
647b30126d07a5770ce8ed3a,Bułgaria,Varna,Polska,Katowice,27/01/2022,31
647b30126d07a5770ce8ed3b,Bułgaria,Varna,Polska,Warszawa,23/01/2022,41
647b30136d07a5770ce8ed3c,Tunezja,Enfidha,Polska,Wrocław,04/01/2022,52
647b30136d07a5770ce8ed3d,Tunezja,Enfidha,Polska,Poznań,21/01/2022,62
647b30136d07a5770ce8ed3e,Tunezja,Enfidha,Polska,Warszawa,25/01/2022,72
647b30146d07a5770ce8ed3f,Tunezja,Enfidha,Polska,Wrocław,03/02/2022,82
647b30146d07a5770ce8ed40,Tunezja,Enfidha,Polska,Poznań,07/01/2022,92
647b30146d07a5770ce8ed41,Tunezja,Enfidha,Polska,Warszawa,14/01/2022,25
647b30146d07a5770ce8ed42,Tunezja,Enfidha,Polska,Poznań,01/02/2022,22
647b30156d07a5770ce8ed43,Tunezja,Enfidha,Polska,Poznań,01/01/2022,19
647b30156d07a5770ce8ed44,Tunezja,Enfidha,Polska,Rzeszów,05/01/2022,16
647b30156d07a5770ce8ed45,Tunezja,Enfidha,Polska,Rzeszów,15/01/2022,13
647b30156d07a5770ce8ed46,Tunezja,Enfidha,Polska,Rzeszów,23/01/2022,10
647b30166d07a5770ce8ed47,Tunezja,Enfidha,Polska,Katowice,28/01/2022,7
647b30166d07a5770ce8ed48,Tunezja,Enfidha,Polska,Katowice,08/02/2022,4
647b30166d07a5770ce8ed49,Tunezja,Enfidha,Polska,Wrocław,19/02/2022,1
647b30166d07a5770ce8ed4a,Tunezja,Enfidha,Polska,Katowice,27/01/2022,2
647b30176d07a5770ce8ed4b,Tunezja,Enfidha,Polska,Poznań,08/02/2022,6
647b30176d07a5770ce8ed4c,Tunezja,Enfidha,Polska,Katowice,20/02/2022,9
647b30176d07a5770ce8ed4d,Tunezja,Enfidha,Polska,Poznań,04/01/2022,12
647b30176d07a5770ce8ed4e,Tunezja,Enfidha,Polska,Rzeszów,14/01/2022,15
647b30186d07a5770ce8ed4f,Tunezja,Enfidha,Polska,Warszawa,07/01/2022,18
647b30186d07a5770ce8ed50,Tunezja,Enfidha,Polska,Rzeszów,23/01/2022,21
647b30186d07a5770ce8ed51,Tunezja,Enfidha,Polska,Katowice,18/02/2022,32
647b30186d07a5770ce8ed52,Tunezja,Enfidha,Polska,Katowice,14/01/2022,36
647b30196d07a5770ce8ed53,Tunezja,Enfidha,Polska,Wrocław,12/01/2022,41
647b30196d07a5770ce8ed54,Tunezja,Enfidha,Polska,Wrocław,02/02/2022,45
647b30196d07a5770ce8ed55,Tunezja,Enfidha,Polska,Wrocław,10/01/2022,50
647b30196d07a5770ce8ed56,Tunezja,Enfidha,Polska,Poznań,27/01/2022,54
647b301a6d07a5770ce8ed57,Tunezja,Enfidha,Polska,Rzeszów,18/02/2022,59
647b301a6d07a5770ce8ed58,Tunezja,Enfidha,Polska,Katowice,04/01/2022,63
647b301a6d07a5770ce8ed59,Tunezja,Enfidha,Polska,Poznań,01/01/2022,68
647b301a6d07a5770ce8ed5a,Tunezja,Enfidha,Polska,Poznań,15/01/2022,72
647b301b6d07a5770ce8ed5b,Tunezja,Enfidha,Polska,Poznań,23/01/2022,77
647b301b6d07a5770ce8ed5c,Tunezja,Enfidha,Polska,Wrocław,13/01/2022,81
647b301b6d07a5770ce8ed5d,Tunezja,Enfidha,Polska,Warszawa,01/01/2022,86
647b301b6d07a5770ce8ed5e,Tunezja,Enfidha,Polska,Wrocław,02/02/2022,90
647b301c6d07a5770ce8ed5f,Tunezja,Enfidha,Polska,Warszawa,11/02/2022,82
647b301c6d07a5770ce8ed60,Tunezja,Enfidha,Polska,Katowice,04/02/2022,153
647b301c6d07a5770ce8ed61,Tunezja,Enfidha,Polska,Wrocław,18/01/2022,10
647b301c6d07a5770ce8ed62,Tunezja,Enfidha,Polska,Katowice,04/02/2022,18
647b301d6d07a5770ce8ed63,Tunezja,Enfidha,Polska,Katowice,17/01/2022,174
647b301d6d07a5770ce8ed64,Tunezja,Enfidha,Polska,Wrocław,08/02/2022,91
647b301d6d07a5770ce8ed65,Tunezja,Enfidha,Polska,Warszawa,06/02/2022,162
647b301d6d07a5770ce8ed66,Tunezja,Enfidha,Polska,Wrocław,11/01/2022,59
647b301e6d07a5770ce8ed67,Tunezja,Enfidha,Polska,Warszawa,04/02/2022,180
647b301e6d07a5770ce8ed68,Tunezja,Enfidha,Polska,Wrocław,17/01/2022,137
647b301e6d07a5770ce8ed69,Tunezja,Enfidha,Polska,Rzeszów,07/02/2022,151
647b301e6d07a5770ce8ed6a,Tunezja,Enfidha,Polska,Warszawa,02/01/2022,82
647b301f6d07a5770ce8ed6b,Tunezja,Enfidha,Polska,Rzeszów,07/01/2022,147
647b301f6d07a5770ce8ed6c,Tunezja,Enfidha,Polska,Poznań,26/01/2022,78
647b301f6d07a5770ce8ed6d,Tunezja,Enfidha,Polska,Poznań,06/01/2022,158
647b30206d07a5770ce8ed6e,Tunezja,Enfidha,Polska,Wrocław,17/02/2022,18
647b30206d07a5770ce8ed6f,Tunezja,Enfidha,Polska,Katowice,28/01/2022,36
647b30206d07a5770ce8ed70,Tunezja,Enfidha,Polska,Wrocław,06/01/2022,130
647b30206d07a5770ce8ed71,Tunezja,Enfidha,Polska,Rzeszów,24/01/2022,26
647b30206d07a5770ce8ed72,Tunezja,Enfidha,Polska,Katowice,04/02/2022,40
647b30216d07a5770ce8ed73,Tunezja,Enfidha,Polska,Rzeszów,18/01/2022,30
647b30216d07a5770ce8ed74,Tunezja,Enfidha,Polska,Poznań,14/02/2022,20
647b30216d07a5770ce8ed75,Tunezja,Enfidha,Polska,Wrocław,07/02/2022,10
647b30216d07a5770ce8ed76,Tunezja,Enfidha,Polska,Wrocław,14/02/2022,1
647b30226d07a5770ce8ed77,Tunezja,Enfidha,Polska,Warszawa,01/01/2022,11
647b30226d07a5770ce8ed78,Tunezja,Enfidha,Polska,Wrocław,12/01/2022,21
647b30226d07a5770ce8ed79,Tunezja,Enfidha,Polska,Katowice,08/01/2022,31
647b30236d07a5770ce8ed7a,Tunezja,Enfidha,Polska,Warszawa,04/01/2022,41
647b30236d07a5770ce8ed7b,Tunezja,Enfidha,Polska,Poznań,05/01/2022,52
647b30236d07a5770ce8ed7c,Tunezja,Enfidha,Polska,Wrocław,31/01/2022,62
647b30236d07a5770ce8ed7d,Tunezja,Enfidha,Polska,Wrocław,20/01/2022,72
647b30246d07a5770ce8ed7e,Tunezja,Enfidha,Polska,Poznań,15/01/2022,82
647b30246d07a5770ce8ed7f,Tunezja,Enfidha,Polska,Poznań,15/02/2022,92
647b30246d07a5770ce8ed80,Tunezja,Enfidha,Polska,Poznań,06/02/2022,82
647b30246d07a5770ce8ed81,Tunezja,Enfidha,Polska,Katowice,28/01/2022,153
647b30256d07a5770ce8ed82,Tunezja,Enfidha,Polska,Warszawa,16/02/2022,10
647b30256d07a5770ce8ed83,Tunezja,Enfidha,Polska,Katowice,14/01/2022,18
647b30256d07a5770ce8ed84,Tunezja,Enfidha,Polska,Katowice,12/02/2022,174
647b30256d07a5770ce8ed85,Tunezja,Enfidha,Polska,Warszawa,06/01/2022,91
647b30266d07a5770ce8ed86,Tunezja,Enfidha,Polska,Poznań,15/02/2022,162
647b30266d07a5770ce8ed87,Tunezja,Enfidha,Polska,Rzeszów,20/01/2022,59
647b30266d07a5770ce8ed88,Tunezja,Enfidha,Polska,Poznań,04/02/2022,180
647b30266d07a5770ce8ed89,Turcja,Dalaman,Polska,Warszawa,15/01/2022,137
647b30276d07a5770ce8ed8a,Turcja,Dalaman,Polska,Poznań,24/01/2022,151
647b30276d07a5770ce8ed8b,Turcja,Dalaman,Polska,Warszawa,13/02/2022,82
647b30276d07a5770ce8ed8c,Turcja,Dalaman,Polska,Rzeszów,17/02/2022,147
647b30276d07a5770ce8ed8d,Turcja,Dalaman,Polska,Poznań,20/01/2022,78
647b30286d07a5770ce8ed8e,Turcja,Dalaman,Polska,Warszawa,20/02/2022,158
647b30286d07a5770ce8ed8f,Turcja,Dalaman,Polska,Poznań,31/01/2022,18
647b30286d07a5770ce8ed90,Turcja,Dalaman,Polska,Poznań,08/01/2022,36
647b30286d07a5770ce8ed91,Turcja,Dalaman,Polska,Wrocław,05/01/2022,130
647b30296d07a5770ce8ed92,Turcja,Dalaman,Polska,Rzeszów,18/01/2022,26
647b30296d07a5770ce8ed93,Turcja,Dalaman,Polska,Warszawa,20/02/2022,40
647b30296d07a5770ce8ed94,Turcja,Dalaman,Polska,Warszawa,02/01/2022,30
647b30296d07a5770ce8ed95,Turcja,Dalaman,Polska,Warszawa,21/02/2022,20
647b302a6d07a5770ce8ed96,Turcja,Dalaman,Polska,Warszawa,21/02/2022,10
647b302a6d07a5770ce8ed97,Turcja,Dalaman,Polska,Poznań,17/02/2022,1
647b302a6d07a5770ce8ed98,Turcja,Dalaman,Polska,Katowice,04/02/2022,11
647b302a6d07a5770ce8ed99,Turcja,Dalaman,Polska,Warszawa,01/01/2022,21
647b302b6d07a5770ce8ed9a,Turcja,Dalaman,Polska,Warszawa,07/01/2022,31
647b302b6d07a5770ce8ed9b,Turcja,Dalaman,Polska,Rzeszów,01/01/2022,41
647b302b6d07a5770ce8ed9c,Turcja,Dalaman,Polska,Katowice,09/01/2022,52
647b302c6d07a5770ce8ed9d,Turcja,Dalaman,Polska,Warszawa,14/01/2022,62
647b302c6d07a5770ce8ed9e,Turcja,Dalaman,Polska,Warszawa,08/01/2022,72
647b302c6d07a5770ce8ed9f,Turcja,Dalaman,Polska,Wrocław,15/01/2022,82
647b302c6d07a5770ce8eda0,Turcja,Dalaman,Polska,Warszawa,11/02/2022,92
647b302d6d07a5770ce8eda1,Turcja,Dalaman,Polska,Katowice,08/01/2022,82
647b302d6d07a5770ce8eda2,Turcja,Dalaman,Polska,Poznań,13/02/2022,153
647b302d6d07a5770ce8eda3,Turcja,Dalaman,Polska,Warszawa,13/02/2022,10
647b302d6d07a5770ce8eda4,Turcja,Dalaman,Polska,Poznań,12/02/2022,18
647b302e6d07a5770ce8eda5,Turcja,Dalaman,Polska,Wrocław,29/01/2022,174
647b302e6d07a5770ce8eda6,Turcja,Dalaman,Polska,Katowice,09/01/2022,91
647b302e6d07a5770ce8eda7,Turcja,Dalaman,Polska,Poznań,13/01/2022,162
647b302e6d07a5770ce8eda8,Turcja,Dalaman,Polska,Rzeszów,12/02/2022,59
647b302f6d07a5770ce8eda9,Turcja,Dalaman,Polska,Rzeszów,27/01/2022,180
647b302f6d07a5770ce8edaa,Turcja,Dalaman,Polska,Wrocław,22/01/2022,137
647b302f6d07a5770ce8edab,Turcja,Dalaman,Polska,Warszawa,19/01/2022,151
647b302f6d07a5770ce8edac,Turcja,Dalaman,Polska,Wrocław,07/01/2022,82
647b30306d07a5770ce8edad,Turcja,Dalaman,Polska,Wrocław,30/01/2022,147
647b30306d07a5770ce8edae,Turcja,Dalaman,Polska,Wrocław,09/01/2022,78
647b30306d07a5770ce8edaf,Turcja,Dalaman,Polska,Warszawa,01/01/2022,158
647b30306d07a5770ce8edb0,Turcja,Dalaman,Polska,Katowice,04/01/2022,18
647b30316d07a5770ce8edb1,Turcja,Dalaman,Polska,Warszawa,01/02/2022,36
647b30316d07a5770ce8edb2,Turcja,Dalaman,Polska,Poznań,06/01/2022,130
647b30316d07a5770ce8edb3,Turcja,Dalaman,Polska,Warszawa,17/01/2022,26
647b30326d07a5770ce8edb4,Turcja,Dalaman,Polska,Rzeszów,20/01/2022,40
647b30326d07a5770ce8edb5,Turcja,Dalaman,Polska,Poznań,18/02/2022,30
647b30326d07a5770ce8edb6,Turcja,Dalaman,Polska,Rzeszów,23/01/2022,20
647b30326d07a5770ce8edb7,Turcja,Dalaman,Polska,Wrocław,08/01/2022,10
647b30336d07a5770ce8edb8,Turcja,Dalaman,Polska,Wrocław,20/02/2022,1
647b30336d07a5770ce8edb9,Turcja,Dalaman,Polska,Rzeszów,29/01/2022,11
647b30336d07a5770ce8edba,Turcja,Dalaman,Polska,Rzeszów,26/01/2022,21
647b30336d07a5770ce8edbb,Grecja,Korfu,Polska,Katowice,08/02/2022,31
647b30346d07a5770ce8edbc,Grecja,Korfu,Polska,Poznań,07/02/2022,41
647b30346d07a5770ce8edbd,Grecja,Korfu,Polska,Poznań,14/01/2022,52
647b30346d07a5770ce8edbe,Grecja,Korfu,Polska,Katowice,15/02/2022,62
647b30346d07a5770ce8edbf,Grecja,Korfu,Polska,Poznań,27/01/2022,72
647b30346d07a5770ce8edc0,Grecja,Korfu,Polska,Wrocław,17/01/2022,82
647b30356d07a5770ce8edc1,Grecja,Korfu,Polska,Warszawa,10/02/2022,92
647b30356d07a5770ce8edc2,Grecja,Korfu,Polska,Katowice,02/02/2022,82
647b30356d07a5770ce8edc3,Grecja,Korfu,Polska,Warszawa,03/01/2022,153
647b30356d07a5770ce8edc4,Grecja,Korfu,Polska,Wrocław,21/01/2022,10
647b30366d07a5770ce8edc5,Grecja,Korfu,Polska,Warszawa,18/02/2022,18
647b30366d07a5770ce8edc6,Grecja,Korfu,Polska,Katowice,07/02/2022,174
647b30366d07a5770ce8edc7,Grecja,Korfu,Polska,Katowice,19/01/2022,91
647b30366d07a5770ce8edc8,Grecja,Korfu,Polska,Poznań,09/02/2022,162
647b30376d07a5770ce8edc9,Grecja,Korfu,Polska,Rzeszów,09/01/2022,59
647b30376d07a5770ce8edca,Grecja,Korfu,Polska,Poznań,04/02/2022,180
647b30376d07a5770ce8edcb,Grecja,Korfu,Polska,Katowice,16/02/2022,137
647b30376d07a5770ce8edcc,Grecja,Korfu,Polska,Katowice,17/01/2022,151
647b30386d07a5770ce8edcd,Grecja,Korfu,Polska,Rzeszów,19/02/2022,82
647b30386d07a5770ce8edce,Grecja,Korfu,Polska,Wrocław,04/01/2022,147
647b30386d07a5770ce8edcf,Grecja,Korfu,Polska,Katowice,31/01/2022,78
647b30386d07a5770ce8edd0,Grecja,Korfu,Polska,Katowice,06/02/2022,158
647b30396d07a5770ce8edd1,Grecja,Korfu,Polska,Rzeszów,15/01/2022,18
647b30396d07a5770ce8edd2,Grecja,Korfu,Polska,Wrocław,12/02/2022,36
647b30396d07a5770ce8edd3,Grecja,Korfu,Polska,Wrocław,26/01/2022,130
647b30396d07a5770ce8edd4,Grecja,Korfu,Polska,Warszawa,14/02/2022,26
647b303a6d07a5770ce8edd5,Grecja,Korfu,Polska,Poznań,26/01/2022,40
647b303a6d07a5770ce8edd6,Grecja,Korfu,Polska,Warszawa,22/01/2022,30
647b303a6d07a5770ce8edd7,Grecja,Korfu,Polska,Rzeszów,12/01/2022,20
647b303b6d07a5770ce8edd8,Grecja,Korfu,Polska,Poznań,03/02/2022,10
647b303b6d07a5770ce8edd9,Grecja,Korfu,Polska,Wrocław,20/02/2022,1
647b303b6d07a5770ce8edda,Grecja,Korfu,Polska,Poznań,14/01/2022,11
647b303b6d07a5770ce8eddb,Grecja,Korfu,Polska,Wrocław,03/02/2022,21
647b303b6d07a5770ce8eddc,Grecja,Korfu,Polska,Poznań,26/01/2022,31
647b303c6d07a5770ce8eddd,Grecja,Korfu,Polska,Wrocław,08/01/2022,41
647b303c6d07a5770ce8edde,Grecja,Korfu,Polska,Rzeszów,02/01/2022,52
647b303c6d07a5770ce8eddf,Grecja,Korfu,Polska,Poznań,13/02/2022,62
647b303c6d07a5770ce8ede0,Grecja,Korfu,Polska,Katowice,14/02/2022,72
647b303d6d07a5770ce8ede1,Grecja,Korfu,Polska,Rzeszów,07/02/2022,82
647b303d6d07a5770ce8ede2,Grecja,Korfu,Polska,Warszawa,09/02/2022,92
647b303d6d07a5770ce8ede3,Grecja,Korfu,Polska,Poznań,30/01/2022,16
647b303d6d07a5770ce8ede4,Grecja,Korfu,Polska,Warszawa,20/02/2022,47
647b303e6d07a5770ce8ede5,Grecja,Korfu,Polska,Katowice,04/02/2022,183
647b303e6d07a5770ce8ede6,Grecja,Korfu,Polska,Katowice,15/01/2022,189
647b303e6d07a5770ce8ede7,Grecja,Korfu,Polska,Katowice,09/02/2022,153
647b303e6d07a5770ce8ede8,Grecja,Rodos,Polska,Katowice,08/02/2022,124
647b303f6d07a5770ce8ede9,Grecja,Rodos,Polska,Katowice,09/01/2022,191
647b303f6d07a5770ce8edea,Grecja,Rodos,Polska,Poznań,20/01/2022,35
647b303f6d07a5770ce8edeb,Grecja,Rodos,Polska,Poznań,24/01/2022,171
647b303f6d07a5770ce8edec,Grecja,Rodos,Polska,Warszawa,03/01/2022,73
647b30406d07a5770ce8eded,Grecja,Rodos,Polska,Wrocław,28/01/2022,23
647b30406d07a5770ce8edee,Grecja,Rodos,Polska,Wrocław,03/01/2022,10
647b30406d07a5770ce8edef,Grecja,Rodos,Polska,Rzeszów,22/01/2022,67
647b30406d07a5770ce8edf0,Grecja,Rodos,Polska,Rzeszów,20/01/2022,148
647b30406d07a5770ce8edf1,Grecja,Rodos,Polska,Poznań,17/02/2022,189
647b30416d07a5770ce8edf2,Grecja,Rodos,Polska,Rzeszów,21/02/2022,140
647b30416d07a5770ce8edf3,Grecja,Rodos,Polska,Poznań,15/02/2022,143
647b30416d07a5770ce8edf4,Grecja,Rodos,Polska,Rzeszów,21/01/2022,170
647b30416d07a5770ce8edf5,Grecja,Rodos,Polska,Wrocław,10/01/2022,1
647b30426d07a5770ce8edf6,Grecja,Rodos,Polska,Katowice,24/01/2022,11
647b30426d07a5770ce8edf7,Grecja,Rodos,Polska,Rzeszów,31/01/2022,8
647b30426d07a5770ce8edf8,Grecja,Rodos,Polska,Rzeszów,06/02/2022,112
647b30436d07a5770ce8edf9,Grecja,Rodos,Polska,Katowice,20/02/2022,197
647b30436d07a5770ce8edfa,Grecja,Rodos,Polska,Katowice,07/02/2022,118
647b30436d07a5770ce8edfb,Grecja,Rodos,Polska,Rzeszów,09/01/2022,197
647b30436d07a5770ce8edfc,Grecja,Rodos,Polska,Warszawa,21/02/2022,174
647b30446d07a5770ce8edfd,Grecja,Rodos,Polska,Warszawa,03/01/2022,151
647b30446d07a5770ce8edfe,Grecja,Rodos,Polska,Rzeszów,13/01/2022,35
647b30446d07a5770ce8edff,Grecja,Rodos,Polska,Warszawa,02/02/2022,32
647b30446d07a5770ce8ee00,Grecja,Rodos,Polska,Warszawa,10/01/2022,16
647b30456d07a5770ce8ee01,Grecja,Rodos,Polska,Rzeszów,18/01/2022,174
647b30456d07a5770ce8ee02,Grecja,Rodos,Polska,Rzeszów,03/02/2022,166
647b30456d07a5770ce8ee03,Grecja,Rodos,Polska,Poznań,12/02/2022,159
647b30466d07a5770ce8ee04,Grecja,Rodos,Polska,Warszawa,20/02/2022,40
647b30466d07a5770ce8ee05,Grecja,Rodos,Polska,Poznań,01/02/2022,136
647b30466d07a5770ce8ee06,Grecja,Rodos,Polska,Poznań,09/02/2022,94
647b30466d07a5770ce8ee07,Grecja,Rodos,Polska,Katowice,03/01/2022,16
647b30476d07a5770ce8ee08,Grecja,Rodos,Polska,Katowice,23/01/2022,47
647b30476d07a5770ce8ee09,Grecja,Rodos,Polska,Wrocław,13/01/2022,183
647b30476d07a5770ce8ee0a,Grecja,Rodos,Polska,Wrocław,10/02/2022,189
647b30476d07a5770ce8ee0b,Grecja,Rodos,Polska,Poznań,29/01/2022,153
647b30486d07a5770ce8ee0c,Grecja,Rodos,Polska,Rzeszów,13/02/2022,124
647b30486d07a5770ce8ee0d,Grecja,Rodos,Polska,Poznań,03/02/2022,191
647b30486d07a5770ce8ee0e,Grecja,Rodos,Polska,Rzeszów,02/01/2022,35
647b30486d07a5770ce8ee0f,Grecja,Rodos,Polska,Rzeszów,28/01/2022,171
647b30496d07a5770ce8ee10,Grecja,Rodos,Polska,Wrocław,17/01/2022,73
647b30496d07a5770ce8ee11,Grecja,Rodos,Polska,Katowice,16/02/2022,23
647b30496d07a5770ce8ee12,Grecja,Rodos,Polska,Poznań,28/01/2022,10
647b30496d07a5770ce8ee13,Grecja,Rodos,Polska,Rzeszów,12/01/2022,67
647b304a6d07a5770ce8ee14,Grecja,Rodos,Polska,Warszawa,09/01/2022,148
647b304a6d07a5770ce8ee15,Grecja,Rodos,Polska,Wrocław,05/01/2022,189
647b304a6d07a5770ce8ee16,Grecja,Rodos,Polska,Warszawa,13/02/2022,140
647b304a6d07a5770ce8ee17,Grecja,Rodos,Polska,Wrocław,03/02/2022,143
647b304b6d07a5770ce8ee18,Grecja,Rodos,Polska,Rzeszów,24/01/2022,170
647b304b6d07a5770ce8ee19,Grecja,Rodos,Polska,Warszawa,20/01/2022,1
647b304b6d07a5770ce8ee1a,Grecja,Rodos,Polska,Warszawa,22/01/2022,11
647b304b6d07a5770ce8ee1b,Grecja,Rodos,Polska,Warszawa,31/01/2022,8
647b304c6d07a5770ce8ee1c,Grecja,Rodos,Polska,Wrocław,04/02/2022,112
647b304c6d07a5770ce8ee1d,Bułgaria,Burgas,Polska,Wrocław,23/01/2022,197
647b304c6d07a5770ce8ee1e,Bułgaria,Burgas,Polska,Warszawa,29/01/2022,118
647b304c6d07a5770ce8ee1f,Bułgaria,Burgas,Polska,Wrocław,23/01/2022,197
647b304d6d07a5770ce8ee20,Bułgaria,Burgas,Polska,Rzeszów,18/01/2022,174
647b304d6d07a5770ce8ee21,Bułgaria,Burgas,Polska,Wrocław,07/02/2022,151
647b304d6d07a5770ce8ee22,Bułgaria,Burgas,Polska,Warszawa,01/01/2022,35
647b304d6d07a5770ce8ee23,Bułgaria,Burgas,Polska,Rzeszów,04/01/2022,32
647b304e6d07a5770ce8ee24,Bułgaria,Burgas,Polska,Warszawa,30/01/2022,16
647b304e6d07a5770ce8ee25,Bułgaria,Burgas,Polska,Warszawa,05/02/2022,174
647b304e6d07a5770ce8ee26,Bułgaria,Burgas,Polska,Warszawa,21/01/2022,166
647b304e6d07a5770ce8ee27,Bułgaria,Burgas,Polska,Warszawa,29/01/2022,159
647b304f6d07a5770ce8ee28,Bułgaria,Burgas,Polska,Rzeszów,10/01/2022,40
647b304f6d07a5770ce8ee29,Bułgaria,Burgas,Polska,Warszawa,03/01/2022,136
647b304f6d07a5770ce8ee2a,Bułgaria,Burgas,Polska,Wrocław,13/02/2022,94
647b30506d07a5770ce8ee2b,Bułgaria,Burgas,Polska,Warszawa,21/02/2022,191
647b30506d07a5770ce8ee2c,Bułgaria,Burgas,Polska,Rzeszów,12/01/2022,35
647b30506d07a5770ce8ee2d,Bułgaria,Burgas,Polska,Warszawa,03/01/2022,171
647b30506d07a5770ce8ee2e,Bułgaria,Burgas,Polska,Poznań,01/01/2022,73
647b30516d07a5770ce8ee2f,Bułgaria,Burgas,Polska,Wrocław,13/01/2022,23
647b30516d07a5770ce8ee30,Bułgaria,Burgas,Polska,Poznań,04/02/2022,10
647b30516d07a5770ce8ee31,Bułgaria,Burgas,Polska,Poznań,23/01/2022,67
647b30516d07a5770ce8ee32,Bułgaria,Burgas,Polska,Rzeszów,19/01/2022,148
647b30516d07a5770ce8ee33,Bułgaria,Burgas,Polska,Rzeszów,29/01/2022,189
647b30526d07a5770ce8ee34,Bułgaria,Burgas,Polska,Katowice,04/02/2022,140
647b30526d07a5770ce8ee35,Bułgaria,Burgas,Polska,Warszawa,29/01/2022,143
647b30526d07a5770ce8ee36,Bułgaria,Burgas,Polska,Rzeszów,15/01/2022,170
647b30536d07a5770ce8ee37,Bułgaria,Burgas,Polska,Poznań,02/02/2022,1
647b30536d07a5770ce8ee38,Bułgaria,Burgas,Polska,Katowice,11/02/2022,11
647b30536d07a5770ce8ee39,Bułgaria,Burgas,Polska,Wrocław,09/01/2022,8
647b30536d07a5770ce8ee3a,Bułgaria,Burgas,Polska,Wrocław,06/01/2022,112
647b30546d07a5770ce8ee3b,Bułgaria,Burgas,Polska,Warszawa,11/01/2022,197
647b30546d07a5770ce8ee3c,Bułgaria,Burgas,Polska,Katowice,18/02/2022,118
647b30546d07a5770ce8ee3d,Bułgaria,Burgas,Polska,Rzeszów,03/01/2022,197
647b30546d07a5770ce8ee3e,Bułgaria,Burgas,Polska,Warszawa,02/01/2022,174
647b30546d07a5770ce8ee3f,Bułgaria,Burgas,Polska,Katowice,14/01/2022,151
647b30556d07a5770ce8ee40,Bułgaria,Burgas,Polska,Rzeszów,26/01/2022,35
647b30556d07a5770ce8ee41,Bułgaria,Burgas,Polska,Rzeszów,31/01/2022,32
647b30556d07a5770ce8ee42,Bułgaria,Burgas,Polska,Rzeszów,02/02/2022,16
647b30556d07a5770ce8ee43,Bułgaria,Burgas,Polska,Rzeszów,13/01/2022,174
647b30566d07a5770ce8ee44,Bułgaria,Burgas,Polska,Katowice,24/01/2022,166
647b30566d07a5770ce8ee45,Bułgaria,Burgas,Polska,Poznań,19/01/2022,159
647b30566d07a5770ce8ee46,Bułgaria,Burgas,Polska,Katowice,13/02/2022,40
647b30576d07a5770ce8ee47,Bułgaria,Burgas,Polska,Poznań,20/01/2022,136
647b30576d07a5770ce8ee48,Bułgaria,Burgas,Polska,Poznań,09/01/2022,94
647b30576d07a5770ce8ee49,Bułgaria,Burgas,Polska,Rzeszów,07/01/2022,33
647b30576d07a5770ce8ee4a,Bułgaria,Burgas,Polska,Poznań,18/02/2022,47
647b30586d07a5770ce8ee4b,Bułgaria,Burgas,Polska,Rzeszów,16/01/2022,183
647b30586d07a5770ce8ee4c,Bułgaria,Burgas,Polska,Katowice,06/01/2022,189
647b30586d07a5770ce8ee4d,Bułgaria,Burgas,Polska,Wrocław,07/01/2022,153
647b30586d07a5770ce8ee4e,Bułgaria,Burgas,Polska,Warszawa,05/01/2022,124
647b30596d07a5770ce8ee4f,Bułgaria,Burgas,Polska,Warszawa,09/01/2022,191
647b30596d07a5770ce8ee50,Bułgaria,Burgas,Polska,Katowice,08/01/2022,35
647b30596d07a5770ce8ee51,Bułgaria,Burgas,Polska,Katowice,18/02/2022,171
647b30596d07a5770ce8ee52,Bułgaria,Burgas,Polska,Wrocław,18/01/2022,73
647b305a6d07a5770ce8ee53,Bułgaria,Burgas,Polska,Rzeszów,02/01/2022,23
647b305a6d07a5770ce8ee54,Bułgaria,Burgas,Polska,Poznań,09/01/2022,10
647b305a6d07a5770ce8ee55,Bułgaria,Burgas,Polska,Katowice,18/01/2022,67
647b305b6d07a5770ce8ee56,Bułgaria,Burgas,Polska,Wrocław,08/02/2022,148
647b305b6d07a5770ce8ee57,Bułgaria,Burgas,Polska,Poznań,21/01/2022,189
647b305b6d07a5770ce8ee58,Bułgaria,Burgas,Polska,Warszawa,31/01/2022,140
647b305b6d07a5770ce8ee59,Bułgaria,Burgas,Polska,Katowice,31/01/2022,143
647b305c6d07a5770ce8ee5a,Bułgaria,Burgas,Polska,Warszawa,11/01/2022,35
647b305c6d07a5770ce8ee5b,Bułgaria,Burgas,Polska,Wrocław,20/02/2022,171
647b305c6d07a5770ce8ee5c,Bułgaria,Burgas,Polska,Katowice,27/01/2022,73
647b305c6d07a5770ce8ee5d,Bułgaria,Burgas,Polska,Rzeszów,19/01/2022,23
647b305d6d07a5770ce8ee5e,Grecja,Kreta,Polska,Poznań,06/02/2022,10
647b305d6d07a5770ce8ee5f,Grecja,Kreta,Polska,Rzeszów,14/02/2022,67
647b305d6d07a5770ce8ee60,Grecja,Kreta,Polska,Warszawa,22/01/2022,148
647b305d6d07a5770ce8ee61,Grecja,Kreta,Polska,Katowice,06/01/2022,189
647b305e6d07a5770ce8ee62,Grecja,Kreta,Polska,Warszawa,15/02/2022,140
647b305e6d07a5770ce8ee63,Grecja,Kreta,Polska,Poznań,14/02/2022,47
647b305e6d07a5770ce8ee64,Grecja,Kreta,Polska,Rzeszów,05/02/2022,183
647b305e6d07a5770ce8ee65,Grecja,Kreta,Polska,Poznań,28/01/2022,189
647b305f6d07a5770ce8ee66,Grecja,Kreta,Polska,Wrocław,21/02/2022,153
647b305f6d07a5770ce8ee67,Grecja,Kreta,Polska,Rzeszów,23/01/2022,124
647b305f6d07a5770ce8ee68,Grecja,Kreta,Polska,Wrocław,08/02/2022,191
647b305f6d07a5770ce8ee69,Grecja,Kreta,Polska,Rzeszów,05/01/2022,35
647b305f6d07a5770ce8ee6a,Grecja,Kreta,Polska,Rzeszów,08/02/2022,171
647b30606d07a5770ce8ee6b,Grecja,Kreta,Polska,Poznań,13/01/2022,73
647b30606d07a5770ce8ee6c,Grecja,Kreta,Polska,Rzeszów,07/02/2022,23
647b30606d07a5770ce8ee6d,Grecja,Kreta,Polska,Rzeszów,11/02/2022,10
647b30606d07a5770ce8ee6e,Grecja,Kreta,Polska,Katowice,06/02/2022,67
647b30616d07a5770ce8ee6f,Grecja,Kreta,Polska,Warszawa,18/01/2022,148
647b30616d07a5770ce8ee70,Grecja,Kreta,Polska,Warszawa,15/01/2022,189
647b30616d07a5770ce8ee71,Grecja,Kreta,Polska,Poznań,16/01/2022,140
647b30626d07a5770ce8ee72,Grecja,Kreta,Polska,Warszawa,21/01/2022,143
647b30626d07a5770ce8ee73,Grecja,Kreta,Polska,Wrocław,23/01/2022,112
647b30626d07a5770ce8ee74,Grecja,Kreta,Polska,Katowice,28/01/2022,197
647b30626d07a5770ce8ee75,Grecja,Kreta,Polska,Poznań,18/01/2022,118
647b30626d07a5770ce8ee76,Grecja,Kreta,Polska,Poznań,12/01/2022,197
647b30636d07a5770ce8ee77,Grecja,Kreta,Polska,Katowice,01/02/2022,174
647b30636d07a5770ce8ee78,Grecja,Kreta,Polska,Wrocław,02/01/2022,151
647b30636d07a5770ce8ee79,Grecja,Kreta,Polska,Katowice,28/01/2022,35
647b30646d07a5770ce8ee7a,Grecja,Kreta,Polska,Katowice,21/02/2022,32
647b30646d07a5770ce8ee7b,Grecja,Kreta,Polska,Katowice,13/01/2022,16
647b30646d07a5770ce8ee7c,Grecja,Kreta,Polska,Katowice,13/01/2022,174
647b30646d07a5770ce8ee7d,Grecja,Kreta,Polska,Wrocław,17/02/2022,47
647b30656d07a5770ce8ee7e,Grecja,Kreta,Polska,Wrocław,26/01/2022,183
647b30656d07a5770ce8ee7f,Grecja,Kreta,Polska,Wrocław,18/01/2022,189
647b30656d07a5770ce8ee80,Grecja,Kreta,Polska,Katowice,14/02/2022,153
647b30656d07a5770ce8ee81,Grecja,Kreta,Polska,Warszawa,27/01/2022,124
647b30666d07a5770ce8ee82,Grecja,Kreta,Polska,Rzeszów,08/02/2022,191
647b30666d07a5770ce8ee83,Grecja,Kreta,Polska,Poznań,09/02/2022,35
647b30666d07a5770ce8ee84,Grecja,Kreta,Polska,Poznań,10/01/2022,171
647b30666d07a5770ce8ee85,Grecja,Kreta,Polska,Rzeszów,05/02/2022,73
647b30666d07a5770ce8ee86,Grecja,Kreta,Polska,Rzeszów,14/02/2022,23
647b30676d07a5770ce8ee87,Grecja,Kreta,Polska,Poznań,09/01/2022,10
647b30676d07a5770ce8ee88,Grecja,Kreta,Polska,Wrocław,08/02/2022,67
647b30676d07a5770ce8ee89,Grecja,Kreta,Polska,Wrocław,08/01/2022,148
647b30676d07a5770ce8ee8a,Grecja,Kreta,Polska,Katowice,23/01/2022,189
647b30686d07a5770ce8ee8b,Grecja,Kreta,Polska,Katowice,02/02/2022,140
647b30686d07a5770ce8ee8c,Grecja,Kreta,Polska,Warszawa,03/02/2022,143
647b30686d07a5770ce8ee8d,Grecja,Kreta,Polska,Wrocław,02/01/2022,171
647b30686d07a5770ce8ee8e,Grecja,Kreta,Polska,Poznań,21/02/2022,73
647b30696d07a5770ce8ee8f,Grecja,Kreta,Polska,Wrocław,02/02/2022,23
647b30696d07a5770ce8ee90,Grecja,Kreta,Polska,Warszawa,19/02/2022,10
647b30696d07a5770ce8ee91,Grecja,Kreta,Polska,Warszawa,29/01/2022,67
647b30696d07a5770ce8ee92,Grecja,Kreta,Polska,Katowice,24/01/2022,148
647b306a6d07a5770ce8ee93,Grecja,Kreta,Polska,Katowice,10/02/2022,189
647b306a6d07a5770ce8ee94,Grecja,Kreta,Polska,Wrocław,25/01/2022,140
647b306a6d07a5770ce8ee95,Grecja,Kreta,Polska,Wrocław,01/02/2022,143
647b306b6d07a5770ce8ee96,Grecja,Kreta,Polska,Warszawa,03/01/2022,148
647b306b6d07a5770ce8ee97,Grecja,Kreta,Polska,Katowice,23/01/2022,189
647b306b6d07a5770ce8ee98,Grecja,Kreta,Polska,Rzeszów,01/01/2022,140
647b306b6d07a5770ce8ee99,Grecja,Kreta,Polska,Poznań,01/01/2022,143
647b306b6d07a5770ce8ee9a,Grecja,Kreta,Polska,Wrocław,05/02/2022,170
647b306c6d07a5770ce8ee9b,Grecja,Kreta,Polska,Poznań,08/01/2022,1
647b306c6d07a5770ce8ee9c,Grecja,Kreta,Polska,Katowice,11/02/2022,11
647b306c6d07a5770ce8ee9d,Grecja,Kreta,Polska,Katowice,27/01/2022,8
647b306c6d07a5770ce8ee9e,Grecja,Kreta,Polska,Warszawa,05/02/2022,112
647b306d6d07a5770ce8ee9f,Grecja,Kreta,Polska,Poznań,05/01/2022,197
647b306d6d07a5770ce8eea0,Grecja,Kreta,Polska,Wrocław,20/02/2022,118
647b306d6d07a5770ce8eea1,Grecja,Kreta,Polska,Poznań,14/02/2022,197
647b306d6d07a5770ce8eea2,Grecja,Kreta,Polska,Rzeszów,18/01/2022,174
647b306e6d07a5770ce8eea3,Grecja,Kreta,Polska,Poznań,14/02/2022,151
647b306e6d07a5770ce8eea4,Grecja,Kreta,Polska,Rzeszów,17/02/2022,35
647b306e6d07a5770ce8eea5,Grecja,Kreta,Polska,Poznań,06/01/2022,32
647b306e6d07a5770ce8eea6,Grecja,Kreta,Polska,Warszawa,18/01/2022,16
647b306f6d07a5770ce8eea7,Grecja,Kreta,Polska,Rzeszów,12/02/2022,174
647b306f6d07a5770ce8eea8,Grecja,Kreta,Polska,Warszawa,04/02/2022,166
647b306f6d07a5770ce8eea9,Grecja,Kreta,Polska,Katowice,17/01/2022,159
647b306f6d07a5770ce8eeaa,Grecja,Kreta,Polska,Rzeszów,02/02/2022,40
647b30706d07a5770ce8eeab,Grecja,Kreta,Polska,Poznań,09/01/2022,136
647b30706d07a5770ce8eeac,Grecja,Kreta,Polska,Katowice,08/01/2022,94
647b30706d07a5770ce8eead,Grecja,Kreta,Polska,Poznań,15/01/2022,47
647b30706d07a5770ce8eeae,Grecja,Kreta,Polska,Poznań,15/02/2022,183
647b30716d07a5770ce8eeaf,Grecja,Kreta,Polska,Warszawa,21/02/2022,189
647b30716d07a5770ce8eeb0,Grecja,Kreta,Polska,Warszawa,15/02/2022,153
647b30716d07a5770ce8eeb1,Grecja,Kreta,Polska,Warszawa,06/02/2022,124
647b30716d07a5770ce8eeb2,Grecja,Kreta,Polska,Rzeszów,04/02/2022,191
647b30726d07a5770ce8eeb3,Grecja,Kreta,Polska,Rzeszów,09/01/2022,35
647b30726d07a5770ce8eeb4,Turcja,Antalya,Polska,Poznań,05/01/2022,171
647b30726d07a5770ce8eeb5,Turcja,Antalya,Polska,Rzeszów,11/01/2022,73
647b30726d07a5770ce8eeb6,Turcja,Antalya,Polska,Poznań,08/01/2022,23
647b30736d07a5770ce8eeb7,Turcja,Antalya,Polska,Rzeszów,05/02/2022,10
647b30736d07a5770ce8eeb8,Turcja,Antalya,Polska,Poznań,31/01/2022,67
647b30736d07a5770ce8eeb9,Turcja,Antalya,Polska,Wrocław,20/02/2022,148
647b30736d07a5770ce8eeba,Turcja,Antalya,Polska,Rzeszów,01/01/2022,189
647b30746d07a5770ce8eebb,Turcja,Antalya,Polska,Rzeszów,15/01/2022,140
647b30746d07a5770ce8eebc,Turcja,Antalya,Polska,Warszawa,08/02/2022,143
647b30746d07a5770ce8eebd,Turcja,Antalya,Polska,Rzeszów,11/01/2022,73
647b30756d07a5770ce8eebe,Turcja,Antalya,Polska,Rzeszów,16/01/2022,23
647b30756d07a5770ce8eebf,Turcja,Antalya,Polska,Wrocław,07/01/2022,10
647b30756d07a5770ce8eec0,Turcja,Antalya,Polska,Wrocław,04/01/2022,67
647b30756d07a5770ce8eec1,Turcja,Antalya,Polska,Wrocław,05/01/2022,148
647b30766d07a5770ce8eec2,Turcja,Antalya,Polska,Katowice,15/01/2022,189
647b30766d07a5770ce8eec3,Turcja,Antalya,Polska,Warszawa,18/02/2022,140
647b30766d07a5770ce8eec4,Turcja,Antalya,Polska,Wrocław,21/01/2022,143
647b30776d07a5770ce8eec5,Turcja,Antalya,Polska,Katowice,11/02/2022,170
647b30776d07a5770ce8eec6,Turcja,Antalya,Polska,Wrocław,09/02/2022,1
647b30776d07a5770ce8eec7,Turcja,Antalya,Polska,Poznań,10/02/2022,11
647b30786d07a5770ce8eec8,Turcja,Antalya,Polska,Poznań,29/01/2022,8
647b30786d07a5770ce8eec9,Turcja,Antalya,Polska,Warszawa,18/02/2022,112
647b30796d07a5770ce8eeca,Turcja,Antalya,Polska,Katowice,28/01/2022,197
647b30796d07a5770ce8eecb,Turcja,Antalya,Polska,Wrocław,01/02/2022,118
647b307a6d07a5770ce8eecc,Turcja,Antalya,Polska,Katowice,08/01/2022,197
647b307a6d07a5770ce8eecd,Turcja,Antalya,Polska,Warszawa,28/01/2022,174
647b307a6d07a5770ce8eece,Turcja,Antalya,Polska,Wrocław,17/02/2022,151
647b307a6d07a5770ce8eecf,Turcja,Antalya,Polska,Poznań,26/01/2022,35
647b307b6d07a5770ce8eed0,Turcja,Antalya,Polska,Katowice,21/02/2022,32
647b307b6d07a5770ce8eed1,Turcja,Antalya,Polska,Poznań,10/01/2022,16
647b307b6d07a5770ce8eed2,Turcja,Antalya,Polska,Wrocław,03/02/2022,174
647b307b6d07a5770ce8eed3,Turcja,Antalya,Polska,Rzeszów,09/01/2022,166
647b307c6d07a5770ce8eed4,Turcja,Antalya,Polska,Rzeszów,16/01/2022,159
647b307c6d07a5770ce8eed5,Turcja,Antalya,Polska,Wrocław,03/02/2022,40
647b307c6d07a5770ce8eed6,Turcja,Antalya,Polska,Poznań,01/01/2022,136
647b307c6d07a5770ce8eed7,Turcja,Antalya,Polska,Rzeszów,03/01/2022,94
647b307d6d07a5770ce8eed8,Turcja,Antalya,Polska,Wrocław,01/01/2022,47
647b307d6d07a5770ce8eed9,Turcja,Antalya,Polska,Poznań,03/02/2022,183
647b307d6d07a5770ce8eeda,Turcja,Antalya,Polska,Warszawa,13/02/2022,189
647b307d6d07a5770ce8eedb,Turcja,Antalya,Polska,Warszawa,25/01/2022,153
647b307d6d07a5770ce8eedc,Turcja,Antalya,Polska,Warszawa,19/01/2022,124
647b307e6d07a5770ce8eedd,Turcja,Antalya,Polska,Rzeszów,02/02/2022,191
647b307e6d07a5770ce8eede,Turcja,Antalya,Polska,Warszawa,28/01/2022,35
647b307e6d07a5770ce8eedf,Turcja,Antalya,Polska,Warszawa,11/01/2022,171
647b307e6d07a5770ce8eee0,Turcja,Antalya,Polska,Katowice,19/01/2022,73
647b307f6d07a5770ce8eee1,Turcja,Antalya,Polska,Poznań,23/01/2022,23
647b307f6d07a5770ce8eee2,Turcja,Antalya,Polska,Poznań,23/01/2022,10
647b307f6d07a5770ce8eee3,Turcja,Antalya,Polska,Wrocław,04/01/2022,67
647b30806d07a5770ce8eee4,Turcja,Antalya,Polska,Warszawa,10/01/2022,148
647b30806d07a5770ce8eee5,Turcja,Antalya,Polska,Rzeszów,07/02/2022,189
647b30806d07a5770ce8eee6,Turcja,Antalya,Polska,Warszawa,06/02/2022,140
647b30806d07a5770ce8eee7,Turcja,Antalya,Polska,Warszawa,04/01/2022,143
647b30816d07a5770ce8eee8,Turcja,Antalya,Polska,Poznań,29/01/2022,170
647b30816d07a5770ce8eee9,Turcja,Antalya,Polska,Poznań,05/01/2022,1
647b30816d07a5770ce8eeea,Turcja,Antalya,Polska,Rzeszów,10/01/2022,11
647b30816d07a5770ce8eeeb,Turcja,Antalya,Polska,Katowice,22/01/2022,8
647b30816d07a5770ce8eeec,Turcja,Antalya,Polska,Warszawa,17/02/2022,112
647b30826d07a5770ce8eeed,Turcja,Antalya,Polska,Wrocław,03/02/2022,197
647b30826d07a5770ce8eeee,Turcja,Antalya,Polska,Warszawa,08/01/2022,118
647b30826d07a5770ce8eeef,Turcja,Antalya,Polska,Warszawa,22/01/2022,197
647b30826d07a5770ce8eef0,Turcja,Antalya,Polska,Poznań,07/02/2022,174
647b30836d07a5770ce8eef1,Turcja,Antalya,Polska,Wrocław,15/01/2022,151
647b30836d07a5770ce8eef2,Turcja,Antalya,Polska,Wrocław,20/01/2022,35
647b30836d07a5770ce8eef3,Turcja,Antalya,Polska,Katowice,16/02/2022,32
647b30836d07a5770ce8eef4,Turcja,Antalya,Polska,Rzeszów,09/01/2022,16
647b30846d07a5770ce8eef5,Turcja,Antalya,Polska,Katowice,15/01/2022,174
647b30846d07a5770ce8eef6,Turcja,Antalya,Polska,Warszawa,03/01/2022,166
647b30846d07a5770ce8eef7,Turcja,Antalya,Polska,Rzeszów,11/01/2022,159
647b30846d07a5770ce8eef8,Turcja,Antalya,Polska,Poznań,11/01/2022,40
647b30856d07a5770ce8eef9,Turcja,Antalya,Polska,Poznań,11/01/2022,136
647b30856d07a5770ce8eefa,Turcja,Antalya,Polska,Wrocław,04/01/2022,94
647b30856d07a5770ce8eefb,Turcja,Antalya,Polska,Katowice,21/02/2022,64
647b30856d07a5770ce8eefc,Turcja,Antalya,Polska,Poznań,20/02/2022,55
647b30856d07a5770ce8eefd,Turcja,Antalya,Polska,Poznań,02/02/2022,98
647b30866d07a5770ce8eefe,Turcja,Antalya,Polska,Warszawa,31/01/2022,55
647b30866d07a5770ce8eeff,Turcja,Antalya,Polska,Katowice,16/02/2022,489
647b30866d07a5770ce8ef00,Turcja,Antalya,Polska,Warszawa,14/02/2022,145
647b30866d07a5770ce8ef01,Turcja,Antalya,Polska,Poznań,30/01/2022,525
647b30876d07a5770ce8ef02,Turcja,Antalya,Polska,Katowice,05/01/2022,62
647b30876d07a5770ce8ef03,Turcja,Antalya,Polska,Warszawa,18/02/2022,16
647b30876d07a5770ce8ef04,Turcja,Antalya,Polska,Wrocław,13/01/2022,47
647b30876d07a5770ce8ef05,Turcja,Antalya,Polska,Wrocław,04/02/2022,183
647b30886d07a5770ce8ef06,Turcja,Antalya,Polska,Katowice,17/01/2022,189
647b30886d07a5770ce8ef07,Turcja,Antalya,Polska,Poznań,06/01/2022,153
647b30886d07a5770ce8ef08,Turcja,Antalya,Polska,Katowice,01/01/2022,124
647b30886d07a5770ce8ef09,Turcja,Antalya,Polska,Rzeszów,01/01/2022,191
647b30896d07a5770ce8ef0a,Turcja,Antalya,Polska,Rzeszów,29/01/2022,35
647b30896d07a5770ce8ef0b,Turcja,Antalya,Polska,Wrocław,30/01/2022,171
647b30896d07a5770ce8ef0c,Turcja,Antalya,Polska,Rzeszów,17/02/2022,73
647b30896d07a5770ce8ef0d,Turcja,Antalya,Polska,Rzeszów,13/01/2022,23
647b308a6d07a5770ce8ef0e,Turcja,Antalya,Polska,Wrocław,21/01/2022,10
647b308a6d07a5770ce8ef0f,Turcja,Antalya,Polska,Katowice,10/01/2022,67
647b308a6d07a5770ce8ef10,Turcja,Antalya,Polska,Katowice,11/01/2022,148
647b308b6d07a5770ce8ef11,Turcja,Antalya,Polska,Wrocław,01/01/2022,189
647b308b6d07a5770ce8ef12,Turcja,Izmir,Polska,Katowice,01/01/2022,140
647b308b6d07a5770ce8ef13,Turcja,Izmir,Polska,Rzeszów,04/02/2022,143
647b308b6d07a5770ce8ef14,Turcja,Izmir,Polska,Poznań,19/01/2022,170
647b308c6d07a5770ce8ef15,Turcja,Izmir,Polska,Rzeszów,27/01/2022,1
647b308c6d07a5770ce8ef16,Turcja,Izmir,Polska,Wrocław,04/01/2022,11
647b308c6d07a5770ce8ef17,Turcja,Izmir,Polska,Rzeszów,20/02/2022,8
647b308c6d07a5770ce8ef18,Turcja,Izmir,Polska,Katowice,16/01/2022,112
647b308d6d07a5770ce8ef19,Turcja,Izmir,Polska,Wrocław,05/02/2022,197
647b308d6d07a5770ce8ef1a,Turcja,Izmir,Polska,Warszawa,05/02/2022,118
647b308d6d07a5770ce8ef1b,Turcja,Izmir,Polska,Warszawa,17/02/2022,197
647b308d6d07a5770ce8ef1c,Turcja,Izmir,Polska,Warszawa,22/01/2022,174
647b308e6d07a5770ce8ef1d,Turcja,Izmir,Polska,Rzeszów,15/01/2022,151
647b308e6d07a5770ce8ef1e,Turcja,Izmir,Polska,Wrocław,23/01/2022,35
647b308e6d07a5770ce8ef1f,Turcja,Izmir,Polska,Wrocław,12/01/2022,32
647b308e6d07a5770ce8ef20,Turcja,Izmir,Polska,Rzeszów,17/02/2022,16
647b308f6d07a5770ce8ef21,Turcja,Izmir,Polska,Wrocław,26/01/2022,174
647b308f6d07a5770ce8ef22,Turcja,Izmir,Polska,Warszawa,14/01/2022,166
647b308f6d07a5770ce8ef23,Turcja,Izmir,Polska,Warszawa,08/01/2022,159
647b30906d07a5770ce8ef24,Turcja,Izmir,Polska,Wrocław,11/02/2022,40
647b30906d07a5770ce8ef25,Turcja,Izmir,Polska,Wrocław,12/02/2022,136
647b30906d07a5770ce8ef26,Turcja,Izmir,Polska,Katowice,07/02/2022,94
647b30906d07a5770ce8ef27,Turcja,Izmir,Polska,Katowice,05/02/2022,64
647b30916d07a5770ce8ef28,Turcja,Izmir,Polska,Katowice,27/01/2022,55
